{
  "model_id": "1749954850",
  "model_type": "OptimizedWinnerPredictionModel",
  "training_time": "20250614_223826",
  "data_files": {
    "player_stats": "player_stats.json",
    "match_history": "match_history.json"
  },
  "parameters": {
    "n_estimators": 197,
    "max_depth": 5,
    "random_state": 42,
    "feature_config": null,
    "min_samples_split": 3,
    "min_samples_leaf": 1,
    "max_features": "log2",
    "bootstrap": true,
    "class_weight": null
  },
  "metrics": {
    "accuracy": 0.6961483594864479,
    "precision": 0.6950354609929078,
    "recall": 0.6990014265335235,
    "f1_score": 0.6970128022759602,
    "roc_auc": 0.7664875529353827,
    "feature_importance": [
      0.005334071975414173,
      0.0037222314879340732,
      0.0021291780943621073,
      0.002293033048729771,
      0.07736747112816098,
      0.08024306656694064,
      0.005557872501820359,
      0.004115874276752411,
      0.003193476751056775,
      0.0025914866642665645,
      0.05793626753249624,
      0.04674594879599205,
      0.0044895946937454625,
      0.009979830084612073,
      0.21533754153196968,
      0.1846976458979811,
      0.00507484832766152,
      0.011993271777390702,
      0.016444335770944035,
      0.0029103172254630444,
      0.0034504813113547944,
      0.23104213513733904,
      0.023350019417612375
    ],
    "cv_scores": [
      0.6897289586305279,
      0.6936519258202568,
      0.6975748930099858,
      0.7146932952924394,
      0.7088833392793435
    ],
    "cv_mean_accuracy": 0.7009064824065107,
    "cv_std_accuracy": 0.009406078588382404
  },
  "accuracy": 0.6961483594864479,
  "cv_accuracy": 0.7009064824065107,
  "num_samples": 14019,
  "num_features": {
    "original": 46,
    "selected": 23
  },
  "validation_method": "5-fold cross-validation",
  "model_path": "C:\\Users\\sicke\\OneDrive\\Documents\\Projects\\2k_spark\\models\\optimized_winner_model_1749954850.pkl",
  "info_path": "C:\\Users\\sicke\\OneDrive\\Documents\\Projects\\2k_spark\\models\\optimized_winner_model_info_1749954850.json"
}