{
  "model_id": "1749900907",
  "model_type": "OptimizedWinnerPredictionModel",
  "training_time": "20250614_073851",
  "data_files": {
    "player_stats": "player_stats.json",
    "match_history": "match_history.json"
  },
  "parameters": {
    "n_estimators": 108,
    "max_depth": 5,
    "random_state": 42,
    "feature_config": null,
    "min_samples_split": 4,
    "min_samples_leaf": 2,
    "max_features": "log2",
    "bootstrap": true,
    "class_weight": null
  },
  "metrics": {
    "accuracy": 0.7006802721088435,
    "precision": 0.6998567335243553,
    "recall": 0.7008608321377331,
    "f1_score": 0.7003584229390681,
    "roc_auc": 0.7710000892213438,
    "feature_importance": [
      0.0025260373753839974,
      0.0024998316786394377,
      0.0013002146501664184,
      0.0014820473851459874,
      0.07289907023142732,
      0.005203302154091843,
      0.0027089742786248713,
      0.003369901219670074,
      0.05127232287438547,
      0.05601133792356383,
      0.006715105541483386,
      0.008221869888713998,
      0.20107415434009906,
      0.1705028990913797,
      0.0051424392931729585,
      0.01099451541764734,
      0.012170830178711851,
      0.08907288283723752,
      0.015245735871473385,
      0.003358925460616503,
      0.2567701108357706,
      0.01912341703008653,
      0.00233407444250787
    ],
    "cv_scores": [
      0.6888650196920874,
      0.7053347654851414,
      0.6992481203007519,
      0.7060508413891873,
      0.7017543859649122
    ],
    "cv_mean_accuracy": 0.700250626566416,
    "cv_std_accuracy": 0.0062030527254443866
  },
  "accuracy": 0.7006802721088435,
  "cv_accuracy": 0.700250626566416,
  "num_samples": 13965,
  "num_features": {
    "original": 46,
    "selected": 23
  },
  "validation_method": "5-fold cross-validation",
  "model_path": "C:\\Users\\sicke\\OneDrive\\Documents\\Projects\\2k_spark\\models\\optimized_winner_model_1749900907.pkl",
  "info_path": "C:\\Users\\sicke\\OneDrive\\Documents\\Projects\\2k_spark\\models\\optimized_winner_model_info_1749900907.json"
}