{
  "model_id": "1750200510",
  "model_type": "ScorePredictionModel",
  "training_time": "20250617_185759",
  "data_files": {
    "player_stats": "player_stats.json",
    "match_history": "match_history.json"
  },
  "parameters": {
    "random_state": 42,
    "feature_config": null,
    "ensemble_type": "stacking",
    "use_advanced_validation": false
  },
  "metrics": {
    "home_score_mae": 5.73572429771003,
    "home_score_mse": 53.35507833363675,
    "home_score_rmse": 7.304456060079816,
    "home_score_r2": 0.40864336376414934,
    "away_score_mae": 5.6511318183000965,
    "away_score_mse": 52.86062868439685,
    "away_score_rmse": 7.2705315269515784,
    "away_score_r2": 0.4357225374317335,
    "total_score_mae": 8.642918363782046,
    "total_score_mse": 127.0008683501313,
    "total_score_rmse": 11.269466196325862,
    "total_score_r2": 0.49494777877558427,
    "score_diff_mae": 7.32746544684191,
    "score_diff_mse": 85.43054568593591,
    "score_diff_rmse": 9.242864582256733,
    "score_diff_r2": 0.26571838749166843
  },
  "home_score_mae": 5.73572429771003,
  "away_score_mae": 5.6511318183000965,
  "total_score_mae": 8.642918363782046,
  "num_samples": 14079,
  "num_features": {
    "original": 67,
    "home_selected": 25,
    "away_selected": 25
  },
  "model_path": "C:\\Users\\sicke\\OneDrive\\Documents\\Projects\\2k_spark\\models\\score_model_1750200510.pkl",
  "info_path": "C:\\Users\\sicke\\OneDrive\\Documents\\Projects\\2k_spark\\models\\score_model_info_1750200510.json"
}