{
  "model_id": "1750200306",
  "model_type": "WinnerPredictionModel",
  "training_time": "20250617_184515",
  "data_files": {},
  "parameters": {
    "ensemble_type": "stacking",
    "random_state": 42,
    "feature_config": {
      "use_momentum_features": true,
      "use_streak_features": true,
      "use_efficiency_features": true,
      "momentum_window": 5,
      "streak_window": 5
    },
    "use_advanced_validation": false
  },
  "metrics": {
    "train": {
      "accuracy": 0.675,
      "precision": 0.7243122906013049,
      "recall": 0.675,
      "f1": 0.6662301587301587
    },
    "test": {
      "accuracy": 0.6,
      "precision": 0.6351648351648352,
      "recall": 0.6,
      "f1": 0.591919191919192,
      "roc_auc": 0.6818181818181818
    }
  },
  "feature_importance": {
    "importance": [
      17.374942881999946,
      6.011280990098289,
      5.343303930936528,
      8.346129545677025,
      6.03559979677059,
      9.015157488626196,
      7.052062184489994,
      3.68240637225828,
      8.687865801022188,
      7.345221988983791,
      3.015442524738871,
      7.348749594376812,
      5.014286460262049,
      7.351046246384623,
      8.01585959023207,
      5.015531128586239,
      15.02556376742534,
      16.013204336230213,
      19.398563132828453,
      4.0205856992199545,
      19.36105492137266,
      0.008901687313890301,
      5.68020876467651,
      2.3524168126385283,
      0.01720161967020712,
      10.021003018438979,
      0.0,
      0.0,
      0.0,
      0.0,
      0.0,
      0.0,
      0.0,
      0.0,
      3.3599945340366943,
      6.0141788041141835,
      11.680808719028613,
      12.02832417150559,
      12.3507196408018,
      9.012383841529608,
      0.0,
      0.0,
      0.0,
      0.0,
      0.0,
      0.0,
      0.0,
      0.0,
      0.0,
      0.0,
      0.0,
      0.0,
      0.0,
      0.0,
      0.0,
      0.0,
      0.0,
      0.0,
      0.0,
      0.0,
      0.0,
      0.0,
      0.0,
      0.0,
      0.0,
      0.0,
      0.0
    ],
    "top_features": [
      18,
      20,
      0,
      17,
      16,
      38,
      37,
      36,
      25,
      5,
      39,
      8,
      3,
      14,
      13,
      11,
      9,
      6,
      4,
      35
    ]
  },
  "training_samples": 160,
  "test_samples": 40,
  "features_count": 67,
  "model_path": "C:\\Users\\sicke\\OneDrive\\Documents\\Projects\\2k_spark\\models\\winner_model_1750200306.pkl",
  "info_path": "C:\\Users\\sicke\\OneDrive\\Documents\\Projects\\2k_spark\\models\\winner_model_info_1750200306.json"
}