{
  "model_id": "1750201550",
  "model_type": "WinnerPredictionModel",
  "training_time": "20250617_191555",
  "data_files": {},
  "parameters": {
    "ensemble_type": "stacking",
    "random_state": 42,
    "feature_config": {
      "use_momentum_features": true,
      "use_streak_features": true,
      "use_efficiency_features": true,
      "momentum_window": 5,
      "streak_window": 5
    },
    "use_advanced_validation": false
  },
  "metrics": {
    "train": {
      "accuracy": 0.6191955961999467,
      "precision": 0.6191947932395154,
      "recall": 0.6191955961999467,
      "f1": 0.6191921439766536
    },
    "test": {
      "accuracy": 0.609375,
      "precision": 0.609408895846734,
      "recall": 0.609375,
      "f1": 0.6093612068487174,
      "roc_auc": 0.6706396866511473
    }
  },
  "feature_importance": {
    "importance": [
      26.34455015656584,
      40.01239002368606,
      27.344522267222814,
      29.678870462561708,
      28.677497086281168,
      28.344129100231296,
      68.35959106638396,
      53.02159821880256,
      54.68016876106808,
      43.67944490246265,
      34.34469450083652,
      39.3455132855869,
      53.34592612281753,
      54.01323774280569,
      58.68967836117563,
      64.68989002121982,
      57.013203398513134,
      55.01434490840518,
      93.06391737993873,
      36.400999330078214,
      45.67843869479125,
      0.004129949194970914,
      36.68013031396146,
      42.01320238383098,
      0.028478581459845356,
      34.023345248606795,
      0.0,
      0.0,
      0.0,
      0.0,
      0.0,
      0.0,
      0.0,
      0.0,
      60.017730559229165,
      37.01321042420281,
      44.34509616341966,
      102.76790839741886,
      83.35100030623524,
      68.6798285768536,
      0.0,
      0.0,
      0.0,
      0.0,
      0.0,
      0.0,
      0.0,
      0.0,
      0.0,
      0.0,
      0.0,
      0.0,
      0.0,
      0.0,
      0.0,
      0.0,
      0.0,
      0.0,
      0.0,
      0.0,
      0.0,
      0.0,
      0.0,
      0.0,
      0.0,
      0.0,
      0.0
    ],
    "top_features": [
      37,
      18,
      38,
      39,
      6,
      15,
      34,
      14,
      16,
      17,
      8,
      13,
      12,
      7,
      20,
      36,
      9,
      23,
      1,
      11
    ]
  },
  "training_samples": 11263,
  "test_samples": 2816,
  "features_count": 67,
  "model_path": "C:\\Users\\sicke\\OneDrive\\Documents\\Projects\\2k_spark\\models\\winner_model_1750201550.pkl",
  "info_path": "C:\\Users\\sicke\\OneDrive\\Documents\\Projects\\2k_spark\\models\\winner_model_info_1750201550.json"
}